loss,grad_norm,learning_rate,epoch,step,eval_loss,eval_bleu,eval_chrf,eval_runtime,eval_samples_per_second,eval_steps_per_second,train_runtime,train_samples_per_second,train_steps_per_second,total_flos,train_loss
4.2776,6.1337809562683105,1.9956904133685136e-05,0.02198768689533861,50,,,,,,,,,,,
2.2814,9.919550895690918,1.991292875989446e-05,0.04397537379067722,100,,,,,,,,,,,
1.7563,1.6081700325012207,1.9868953386103784e-05,0.06596306068601583,150,,,,,,,,,,,
1.6696,1.2967411279678345,1.9824978012313105e-05,0.08795074758135445,200,,,,,,,,,,,
1.6338,1.3321404457092285,1.978100263852243e-05,0.10993843447669305,250,,,,,,,,,,,
1.6138,1.3101270198822021,1.9737027264731753e-05,0.13192612137203166,300,,,,,,,,,,,
1.6004,1.3095014095306396,1.9693051890941074e-05,0.15391380826737028,350,,,,,,,,,,,
1.5798,1.3752588033676147,1.9649076517150398e-05,0.1759014951627089,400,,,,,,,,,,,
1.5684,1.3554949760437012,1.960510114335972e-05,0.19788918205804748,450,,,,,,,,,,,
1.5419,1.2632675170898438,1.9561125769569043e-05,0.2198768689533861,500,,,,,,,,,,,
1.5549,1.246969223022461,1.9517150395778367e-05,0.2418645558487247,550,,,,,,,,,,,
1.5428,1.2458336353302002,1.9473175021987688e-05,0.2638522427440633,600,,,,,,,,,,,
1.5325,1.3215067386627197,1.942919964819701e-05,0.2858399296394019,650,,,,,,,,,,,
1.5224,1.267441987991333,1.9385224274406333e-05,0.30782761653474056,700,,,,,,,,,,,
1.5166,1.3711774349212646,1.9341248900615657e-05,0.32981530343007914,750,,,,,,,,,,,
1.5034,1.1511616706848145,1.929727352682498e-05,0.3518029903254178,800,,,,,,,,,,,
1.5008,1.347206473350525,1.9253298153034302e-05,0.3737906772207564,850,,,,,,,,,,,
1.4986,1.1936780214309692,1.9209322779243626e-05,0.39577836411609496,900,,,,,,,,,,,
1.489,1.1998533010482788,1.9165347405452947e-05,0.4177660510114336,950,,,,,,,,,,,
1.49,1.2480096817016602,1.912137203166227e-05,0.4397537379067722,1000,,,,,,,,,,,
1.4776,1.283839464187622,1.9077396657871595e-05,0.46174142480211083,1050,,,,,,,,,,,
1.4883,1.2593438625335693,1.9033421284080916e-05,0.4837291116974494,1100,,,,,,,,,,,
1.4826,1.1617693901062012,1.898944591029024e-05,0.5057167985927881,1150,,,,,,,,,,,
1.4742,1.1957404613494873,1.894547053649956e-05,0.5277044854881267,1200,,,,,,,,,,,
1.4704,1.1372469663619995,1.8901495162708885e-05,0.5496921723834652,1250,,,,,,,,,,,
1.4586,1.183484673500061,1.885751978891821e-05,0.5716798592788038,1300,,,,,,,,,,,
1.4598,1.206013798713684,1.881354441512753e-05,0.5936675461741425,1350,,,,,,,,,,,
1.4519,1.17465341091156,1.8769569041336854e-05,0.6156552330694811,1400,,,,,,,,,,,
1.455,1.1639611721038818,1.8725593667546174e-05,0.6376429199648197,1450,,,,,,,,,,,
1.451,1.196622371673584,1.86816182937555e-05,0.6596306068601583,1500,,,,,,,,,,,
1.4448,1.290704369544983,1.8637642919964823e-05,0.6816182937554969,1550,,,,,,,,,,,
1.4474,1.194053292274475,1.8593667546174143e-05,0.7036059806508356,1600,,,,,,,,,,,
1.4397,1.173928141593933,1.8549692172383468e-05,0.7255936675461742,1650,,,,,,,,,,,
1.4313,1.186861515045166,1.8505716798592788e-05,0.7475813544415127,1700,,,,,,,,,,,
1.4498,1.3250181674957275,1.8461741424802112e-05,0.7695690413368513,1750,,,,,,,,,,,
1.419,1.1981219053268433,1.8417766051011433e-05,0.7915567282321899,1800,,,,,,,,,,,
1.421,1.15117609500885,1.8373790677220757e-05,0.8135444151275286,1850,,,,,,,,,,,
1.426,1.2151944637298584,1.832981530343008e-05,0.8355321020228672,1900,,,,,,,,,,,
1.4171,1.1807936429977417,1.8285839929639405e-05,0.8575197889182058,1950,,,,,,,,,,,
1.4176,1.1862521171569824,1.8241864555848726e-05,0.8795074758135444,2000,,,,,,,,,,,
1.4259,1.2382186651229858,1.8197889182058047e-05,0.9014951627088831,2050,,,,,,,,,,,
1.41,1.2482391595840454,1.815391380826737e-05,0.9234828496042217,2100,,,,,,,,,,,
1.4133,1.1220848560333252,1.8109938434476695e-05,0.9454705364995603,2150,,,,,,,,,,,
1.403,1.2265706062316895,1.806596306068602e-05,0.9674582233948988,2200,,,,,,,,,,,
1.4072,1.2449963092803955,1.802198768689534e-05,0.9894459102902374,2250,,,,,,,,,,,
,,,1.0,2274,1.3073724508285522,24.93132466614075,42.887076171585306,39.4837,50.654,0.203,,,,,
1.3927,1.2503620386123657,1.797801231310466e-05,1.0114335971855761,2300,,,,,,,,,,,
1.3842,1.2202998399734497,1.7934036939313985e-05,1.0334212840809147,2350,,,,,,,,,,,
1.3787,1.1942659616470337,1.789006156552331e-05,1.0554089709762533,2400,,,,,,,,,,,
1.3767,1.2055752277374268,1.7846086191732633e-05,1.077396657871592,2450,,,,,,,,,,,
1.3778,1.1403192281723022,1.7802110817941954e-05,1.0993843447669305,2500,,,,,,,,,,,
1.3727,1.2107821702957153,1.7758135444151278e-05,1.121372031662269,2550,,,,,,,,,,,
1.3625,1.1548852920532227,1.77141600703606e-05,1.1433597185576077,2600,,,,,,,,,,,
1.3661,1.241716980934143,1.7670184696569923e-05,1.1653474054529465,2650,,,,,,,,,,,
1.3657,1.1820054054260254,1.7626209322779244e-05,1.187335092348285,2700,,,,,,,,,,,
1.3616,1.1397392749786377,1.7582233948988568e-05,1.2093227792436236,2750,,,,,,,,,,,
1.3637,1.2343976497650146,1.7538258575197892e-05,1.2313104661389622,2800,,,,,,,,,,,
1.357,1.1989363431930542,1.7494283201407213e-05,1.2532981530343008,2850,,,,,,,,,,,
1.3548,1.1526670455932617,1.7450307827616537e-05,1.2752858399296394,2900,,,,,,,,,,,
1.3531,1.1870194673538208,1.7406332453825858e-05,1.297273526824978,2950,,,,,,,,,,,
1.3505,1.2223143577575684,1.736235708003518e-05,1.3192612137203166,3000,,,,,,,,,,,
1.3434,1.137017011642456,1.7318381706244506e-05,1.3412489006156552,3050,,,,,,,,,,,
1.3499,1.2304245233535767,1.7274406332453827e-05,1.3632365875109937,3100,,,,,,,,,,,
1.3573,1.1604692935943604,1.723043095866315e-05,1.3852242744063323,3150,,,,,,,,,,,
1.3504,1.175156593322754,1.718645558487247e-05,1.4072119613016711,3200,,,,,,,,,,,
1.3527,1.1413319110870361,1.7142480211081796e-05,1.4291996481970097,3250,,,,,,,,,,,
1.3427,1.166620135307312,1.709850483729112e-05,1.4511873350923483,3300,,,,,,,,,,,
1.3471,1.178094744682312,1.7054529463500444e-05,1.473175021987687,3350,,,,,,,,,,,
1.3322,1.1446092128753662,1.7010554089709765e-05,1.4951627088830255,3400,,,,,,,,,,,
1.3398,1.0989091396331787,1.6966578715919085e-05,1.517150395778364,3450,,,,,,,,,,,
1.3316,1.2664073705673218,1.692260334212841e-05,1.539138082673703,3500,,,,,,,,,,,
1.3412,1.1648815870285034,1.6878627968337734e-05,1.5611257695690415,3550,,,,,,,,,,,
1.3345,1.228550910949707,1.6834652594547054e-05,1.58311345646438,3600,,,,,,,,,,,
1.3318,1.3549647331237793,1.679067722075638e-05,1.6051011433597187,3650,,,,,,,,,,,
1.3277,1.511579990386963,1.67467018469657e-05,1.6270888302550572,3700,,,,,,,,,,,
1.3371,1.2360705137252808,1.6702726473175023e-05,1.6490765171503958,3750,,,,,,,,,,,
1.3245,1.1210764646530151,1.6658751099384347e-05,1.6710642040457344,3800,,,,,,,,,,,
1.3287,1.1794414520263672,1.6614775725593668e-05,1.693051890941073,3850,,,,,,,,,,,
1.3256,1.2254116535186768,1.6570800351802992e-05,1.7150395778364116,3900,,,,,,,,,,,
1.3223,1.0956673622131348,1.6526824978012316e-05,1.7370272647317502,3950,,,,,,,,,,,
1.3261,1.1502633094787598,1.6482849604221637e-05,1.7590149516270888,4000,,,,,,,,,,,
1.3285,1.1960679292678833,1.6438874230430958e-05,1.7810026385224274,4050,,,,,,,,,,,
1.3201,1.1468510627746582,1.6394898856640282e-05,1.802990325417766,4100,,,,,,,,,,,
1.3137,1.1963698863983154,1.6350923482849606e-05,1.8249780123131045,4150,,,,,,,,,,,
1.3184,1.0928434133529663,1.630694810905893e-05,1.8469656992084431,4200,,,,,,,,,,,
1.3178,1.2553200721740723,1.626297273526825e-05,1.868953386103782,4250,,,,,,,,,,,
1.3138,1.151824951171875,1.6218997361477572e-05,1.8909410729991205,4300,,,,,,,,,,,
1.3191,1.1130236387252808,1.6175021987686896e-05,1.912928759894459,4350,,,,,,,,,,,
1.3207,1.2068016529083252,1.613104661389622e-05,1.9349164467897977,4400,,,,,,,,,,,
1.308,1.141980767250061,1.6087071240105544e-05,1.9569041336851363,4450,,,,,,,,,,,
1.308,1.1241419315338135,1.6043095866314865e-05,1.978891820580475,4500,,,,,,,,,,,
,,,2.0,4548,1.2304449081420898,25.278807674674844,44.12479333816004,36.4953,54.802,0.219,,,,,
1.2984,1.1424548625946045,1.5999120492524186e-05,2.0008795074758137,4550,,,,,,,,,,,
1.2849,1.136292815208435,1.595514511873351e-05,2.0228671943711523,4600,,,,,,,,,,,
1.2843,1.099294662475586,1.5911169744942834e-05,2.044854881266491,4650,,,,,,,,,,,
1.289,1.1255677938461304,1.5867194371152158e-05,2.0668425681618294,4700,,,,,,,,,,,
1.2858,1.1131237745285034,1.582321899736148e-05,2.088830255057168,4750,,,,,,,,,,,
1.2859,1.1257081031799316,1.5779243623570803e-05,2.1108179419525066,4800,,,,,,,,,,,
1.2921,1.177337646484375,1.5735268249780124e-05,2.132805628847845,4850,,,,,,,,,,,
1.295,1.1698070764541626,1.5691292875989448e-05,2.154793315743184,4900,,,,,,,,,,,
1.2906,1.1000330448150635,1.564731750219877e-05,2.1767810026385224,4950,,,,,,,,,,,
1.2751,1.1455622911453247,1.5603342128408093e-05,2.198768689533861,5000,,,,,,,,,,,
1.2827,1.1320496797561646,1.5559366754617417e-05,2.2207563764291995,5050,,,,,,,,,,,
1.2913,1.1575552225112915,1.5515391380826737e-05,2.242744063324538,5100,,,,,,,,,,,
1.2778,1.1307076215744019,1.547141600703606e-05,2.2647317502198767,5150,,,,,,,,,,,
1.2851,1.082801342010498,1.5427440633245382e-05,2.2867194371152153,5200,,,,,,,,,,,
1.2725,1.0953823328018188,1.5383465259454706e-05,2.308707124010554,5250,,,,,,,,,,,
1.2735,1.1012260913848877,1.533948988566403e-05,2.330694810905893,5300,,,,,,,,,,,
1.2797,1.0425453186035156,1.529551451187335e-05,2.352682497801231,5350,,,,,,,,,,,
1.2791,1.1781858205795288,1.5251539138082675e-05,2.37467018469657,5400,,,,,,,,,,,
1.2725,1.0820119380950928,1.5207563764291998e-05,2.3966578715919087,5450,,,,,,,,,,,
1.274,1.0063437223434448,1.516358839050132e-05,2.4186455584872473,5500,,,,,,,,,,,
1.2649,1.6273596286773682,1.5119613016710644e-05,2.440633245382586,5550,,,,,,,,,,,
1.2741,1.0849615335464478,1.5075637642919967e-05,2.4626209322779244,5600,,,,,,,,,,,
1.2648,1.0544353723526,1.5031662269129288e-05,2.484608619173263,5650,,,,,,,,,,,
1.2603,1.160526156425476,1.4987686895338612e-05,2.5065963060686016,5700,,,,,,,,,,,
1.2491,1.1170912981033325,1.4943711521547934e-05,2.52858399296394,5750,,,,,,,,,,,
1.2541,1.1380354166030884,1.4899736147757258e-05,2.550571679859279,5800,,,,,,,,,,,
1.2618,1.1028796434402466,1.485576077396658e-05,2.5725593667546174,5850,,,,,,,,,,,
1.2684,1.0589967966079712,1.4811785400175901e-05,2.594547053649956,5900,,,,,,,,,,,
1.2668,1.0811203718185425,1.4767810026385226e-05,2.6165347405452946,5950,,,,,,,,,,,
1.2595,1.0914185047149658,1.4723834652594548e-05,2.638522427440633,6000,,,,,,,,,,,
1.2678,1.029262900352478,1.4679859278803872e-05,2.6605101143359717,6050,,,,,,,,,,,
1.2636,1.1295195817947388,1.4635883905013193e-05,2.6824978012313103,6100,,,,,,,,,,,
1.2606,1.1470224857330322,1.4591908531222517e-05,2.7044854881266494,6150,,,,,,,,,,,
1.2681,1.2060686349868774,1.454793315743184e-05,2.7264731750219875,6200,,,,,,,,,,,
1.247,1.2047452926635742,1.4503957783641164e-05,2.7484608619173265,6250,,,,,,,,,,,
1.2536,1.1176680326461792,1.4459982409850486e-05,2.7704485488126647,6300,,,,,,,,,,,
1.2547,1.1135128736495972,1.4416007036059807e-05,2.7924362357080037,6350,,,,,,,,,,,
1.2636,1.1338618993759155,1.437203166226913e-05,2.8144239226033423,6400,,,,,,,,,,,
1.2551,1.0969452857971191,1.4328056288478453e-05,2.836411609498681,6450,,,,,,,,,,,
1.2615,1.1255402565002441,1.4284080914687777e-05,2.8583992963940195,6500,,,,,,,,,,,
1.2496,1.1003550291061401,1.4240105540897098e-05,2.880386983289358,6550,,,,,,,,,,,
1.2597,1.1332995891571045,1.419613016710642e-05,2.9023746701846966,6600,,,,,,,,,,,
1.2443,1.0578663349151611,1.4152154793315745e-05,2.9243623570800352,6650,,,,,,,,,,,
1.2419,1.1161960363388062,1.4108179419525067e-05,2.946350043975374,6700,,,,,,,,,,,
1.2526,1.0845324993133545,1.4064204045734391e-05,2.9683377308707124,6750,,,,,,,,,,,
1.2553,1.1222487688064575,1.4020228671943712e-05,2.990325417766051,6800,,,,,,,,,,,
,,,3.0,6822,1.1861038208007812,25.749169882803525,44.8069257947529,35.0041,57.136,0.229,,,,,
1.2342,1.1345568895339966,1.3976253298153034e-05,3.0123131046613896,6850,,,,,,,,,,,
1.2318,1.1486613750457764,1.3932277924362359e-05,3.034300791556728,6900,,,,,,,,,,,
1.2328,1.0992099046707153,1.3888302550571681e-05,3.0562884784520667,6950,,,,,,,,,,,
1.2359,1.1181448698043823,1.3844327176781003e-05,3.0782761653474053,7000,,,,,,,,,,,
1.2331,1.129871129989624,1.3800351802990326e-05,3.100263852242744,7050,,,,,,,,,,,
1.2275,1.0900322198867798,1.375637642919965e-05,3.1222515391380825,7100,,,,,,,,,,,
1.2227,1.08705472946167,1.3712401055408972e-05,3.144239226033421,7150,,,,,,,,,,,
1.2337,1.1330621242523193,1.3668425681618297e-05,3.16622691292876,7200,,,,,,,,,,,
1.2249,1.0737338066101074,1.3624450307827617e-05,3.1882145998240983,7250,,,,,,,,,,,
1.2305,1.076078176498413,1.358047493403694e-05,3.2102022867194373,7300,,,,,,,,,,,
1.2239,1.1006184816360474,1.3536499560246264e-05,3.232189973614776,7350,,,,,,,,,,,
1.2268,1.2326459884643555,1.3492524186455586e-05,3.2541776605101145,7400,,,,,,,,,,,
1.2301,1.074932336807251,1.3448548812664907e-05,3.276165347405453,7450,,,,,,,,,,,
1.2261,1.0297205448150635,1.3404573438874231e-05,3.2981530343007917,7500,,,,,,,,,,,
1.2255,1.1016175746917725,1.3360598065083554e-05,3.3201407211961302,7550,,,,,,,,,,,
1.2314,1.1357722282409668,1.3316622691292878e-05,3.342128408091469,7600,,,,,,,,,,,
1.2293,1.102921724319458,1.32726473175022e-05,3.3641160949868074,7650,,,,,,,,,,,
1.2188,1.2082668542861938,1.3228671943711523e-05,3.386103781882146,7700,,,,,,,,,,,
1.2265,1.1178663969039917,1.3184696569920845e-05,3.4080914687774846,7750,,,,,,,,,,,
1.2185,1.0987844467163086,1.3140721196130169e-05,3.430079155672823,7800,,,,,,,,,,,
1.2267,1.1118024587631226,1.3096745822339492e-05,3.4520668425681618,7850,,,,,,,,,,,
1.2208,1.1137442588806152,1.3052770448548812e-05,3.4740545294635004,7900,,,,,,,,,,,
1.2176,1.0993586778640747,1.3008795074758136e-05,3.496042216358839,7950,,,,,,,,,,,
1.2319,1.0804967880249023,1.2964819700967459e-05,3.5180299032541775,8000,,,,,,,,,,,
1.2195,1.1279690265655518,1.2920844327176783e-05,3.540017590149516,8050,,,,,,,,,,,
1.2216,1.085166573524475,1.2876868953386105e-05,3.5620052770448547,8100,,,,,,,,,,,
1.2181,1.1472700834274292,1.2832893579595426e-05,3.5839929639401937,8150,,,,,,,,,,,
1.224,1.138154149055481,1.278891820580475e-05,3.605980650835532,8200,,,,,,,,,,,
1.2147,1.1138900518417358,1.2744942832014073e-05,3.627968337730871,8250,,,,,,,,,,,
1.2234,1.0684095621109009,1.2700967458223397e-05,3.649956024626209,8300,,,,,,,,,,,
1.211,1.1423929929733276,1.2656992084432718e-05,3.671943711521548,8350,,,,,,,,,,,
1.2239,1.149057149887085,1.2613016710642042e-05,3.6939313984168867,8400,,,,,,,,,,,
1.2158,1.0699652433395386,1.2569041336851364e-05,3.7159190853122253,8450,,,,,,,,,,,
1.2172,1.08997642993927,1.2525065963060688e-05,3.737906772207564,8500,,,,,,,,,,,
1.2148,1.102810025215149,1.248109058927001e-05,3.7598944591029024,8550,,,,,,,,,,,
1.2047,1.1346124410629272,1.2437115215479331e-05,3.781882145998241,8600,,,,,,,,,,,
1.2163,1.0921434164047241,1.2393139841688656e-05,3.8038698328935796,8650,,,,,,,,,,,
1.2044,1.009047269821167,1.2349164467897978e-05,3.825857519788918,8700,,,,,,,,,,,
1.2143,1.0848909616470337,1.2305189094107302e-05,3.847845206684257,8750,,,,,,,,,,,
1.2136,1.0524958372116089,1.2261213720316623e-05,3.8698328935795954,8800,,,,,,,,,,,
1.2117,1.0454308986663818,1.2217238346525945e-05,3.891820580474934,8850,,,,,,,,,,,
1.2177,1.1156649589538574,1.217326297273527e-05,3.9138082673702725,8900,,,,,,,,,,,
1.2004,1.0748920440673828,1.2129287598944592e-05,3.935795954265611,8950,,,,,,,,,,,
1.2109,1.0665727853775024,1.2085312225153916e-05,3.9577836411609497,9000,,,,,,,,,,,
1.2124,1.045061707496643,1.2041336851363237e-05,3.9797713280562883,9050,,,,,,,,,,,
,,,4.0,9096,1.1593679189682007,25.803879042606045,45.28771463244085,34.6504,57.719,0.231,,,,,
1.2077,1.0671266317367554,1.1997361477572559e-05,4.001759014951627,9100,,,,,,,,,,,
1.2004,1.0656557083129883,1.1953386103781883e-05,4.0237467018469655,9150,,,,,,,,,,,
1.2023,1.0693933963775635,1.1909410729991206e-05,4.0457343887423045,9200,,,,,,,,,,,
1.197,1.0681769847869873,1.186543535620053e-05,4.067722075637643,9250,,,,,,,,,,,
1.2025,1.102243185043335,1.182145998240985e-05,4.089709762532982,9300,,,,,,,,,,,
1.1926,1.0322157144546509,1.1777484608619175e-05,4.11169744942832,9350,,,,,,,,,,,
1.1942,1.135095238685608,1.1733509234828497e-05,4.133685136323659,9400,,,,,,,,,,,
1.1868,1.1196341514587402,1.1689533861037821e-05,4.155672823218997,9450,,,,,,,,,,,
1.1923,1.1347907781600952,1.1645558487247142e-05,4.177660510114336,9500,,,,,,,,,,,
1.1975,1.0622577667236328,1.1601583113456464e-05,4.199648197009674,9550,,,,,,,,,,,
1.1919,1.1136252880096436,1.1557607739665789e-05,4.221635883905013,9600,,,,,,,,,,,
1.1947,1.0799229145050049,1.1513632365875111e-05,4.243623570800352,9650,,,,,,,,,,,
1.1977,1.0576685667037964,1.1469656992084435e-05,4.26561125769569,9700,,,,,,,,,,,
1.1854,1.1792572736740112,1.1425681618293756e-05,4.287598944591029,9750,,,,,,,,,,,
1.1894,1.1634790897369385,1.1381706244503078e-05,4.309586631486368,9800,,,,,,,,,,,
1.1858,1.0005041360855103,1.1337730870712402e-05,4.331574318381707,9850,,,,,,,,,,,
1.1873,1.0305119752883911,1.1293755496921725e-05,4.353562005277045,9900,,,,,,,,,,,
1.2004,1.1959065198898315,1.1249780123131047e-05,4.375549692172384,9950,,,,,,,,,,,
1.1853,1.062106728553772,1.120580474934037e-05,4.397537379067722,10000,,,,,,,,,,,
1.1886,1.3221205472946167,1.1161829375549694e-05,4.419525065963061,10050,,,,,,,,,,,
1.1932,1.0483494997024536,1.1117854001759016e-05,4.441512752858399,10100,,,,,,,,,,,
1.1862,1.0533558130264282,1.107387862796834e-05,4.463500439753738,10150,,,,,,,,,,,
1.1794,1.1184312105178833,1.1029903254177661e-05,4.485488126649076,10200,,,,,,,,,,,
1.1907,1.0833340883255005,1.0985927880386984e-05,4.507475813544415,10250,,,,,,,,,,,
1.1778,1.0818209648132324,1.0941952506596308e-05,4.529463500439753,10300,,,,,,,,,,,
1.1908,1.118059515953064,1.089797713280563e-05,4.5514511873350925,10350,,,,,,,,,,,
1.1812,1.092597484588623,1.0854001759014951e-05,4.573438874230431,10400,,,,,,,,,,,
1.1934,1.1202902793884277,1.0810026385224275e-05,4.59542656112577,10450,,,,,,,,,,,
1.1883,1.0332653522491455,1.0766051011433597e-05,4.617414248021108,10500,,,,,,,,,,,
1.1894,1.085088849067688,1.0722075637642922e-05,4.639401934916447,10550,,,,,,,,,,,
1.192,1.0835806131362915,1.0678100263852244e-05,4.661389621811786,10600,,,,,,,,,,,
1.1742,1.1626613140106201,1.0634124890061566e-05,4.683377308707124,10650,,,,,,,,,,,
1.1886,1.0839329957962036,1.0590149516270889e-05,4.705364995602462,10700,,,,,,,,,,,
1.184,1.062078833580017,1.0546174142480213e-05,4.727352682497801,10750,,,,,,,,,,,
1.1846,1.0280696153640747,1.0502198768689535e-05,4.74934036939314,10800,,,,,,,,,,,
1.1847,1.0934487581253052,1.0458223394898856e-05,4.771328056288478,10850,,,,,,,,,,,
1.1742,1.0344318151474,1.041424802110818e-05,4.793315743183817,10900,,,,,,,,,,,
1.1785,1.0620779991149902,1.0370272647317503e-05,4.8153034300791555,10950,,,,,,,,,,,
1.1725,1.097129464149475,1.0326297273526827e-05,4.8372911169744945,11000,,,,,,,,,,,
1.1758,1.0372425317764282,1.028232189973615e-05,4.859278803869833,11050,,,,,,,,,,,
1.1776,1.069197416305542,1.023834652594547e-05,4.881266490765172,11100,,,,,,,,,,,
1.1787,1.0693333148956299,1.0194371152154794e-05,4.90325417766051,11150,,,,,,,,,,,
1.1817,1.065599799156189,1.0150395778364117e-05,4.925241864555849,11200,,,,,,,,,,,
1.1673,1.0795221328735352,1.010642040457344e-05,4.947229551451187,11250,,,,,,,,,,,
1.1993,1.0447261333465576,1.0062445030782761e-05,4.969217238346526,11300,,,,,,,,,,,
1.1739,1.1572667360305786,1.0018469656992086e-05,4.991204925241864,11350,,,,,,,,,,,
,,,5.0,11370,1.1374273300170898,26.135454077976316,45.58453737128548,33.4217,59.841,0.239,,,,,
1.1666,1.0849112272262573,9.974494283201408e-06,5.013192612137203,11400,,,,,,,,,,,
1.1745,1.0237468481063843,9.93051890941073e-06,5.035180299032541,11450,,,,,,,,,,,
1.1755,1.0166165828704834,9.886543535620053e-06,5.05716798592788,11500,,,,,,,,,,,
1.1689,1.0295193195343018,9.842568161829377e-06,5.0791556728232194,11550,,,,,,,,,,,
1.1693,1.0768039226531982,9.7985927880387e-06,5.101143359718558,11600,,,,,,,,,,,
1.1638,1.0984420776367188,9.754617414248022e-06,5.123131046613897,11650,,,,,,,,,,,
1.1763,1.096687912940979,9.710642040457344e-06,5.145118733509235,11700,,,,,,,,,,,
1.1562,1.0533592700958252,9.666666666666667e-06,5.167106420404574,11750,,,,,,,,,,,
1.1648,1.0921634435653687,9.62269129287599e-06,5.189094107299912,11800,,,,,,,,,,,
1.1664,1.1172932386398315,9.578715919085313e-06,5.211081794195251,11850,,,,,,,,,,,
1.1594,1.0535155534744263,9.534740545294636e-06,5.233069481090589,11900,,,,,,,,,,,
1.1628,1.0630412101745605,9.490765171503958e-06,5.255057167985928,11950,,,,,,,,,,,
1.1647,1.061931848526001,9.446789797713282e-06,5.277044854881266,12000,,,,,,,,,,,
1.1694,1.0409640073776245,9.402814423922603e-06,5.299032541776605,12050,,,,,,,,,,,
1.1624,1.050992488861084,9.358839050131927e-06,5.3210202286719435,12100,,,,,,,,,,,
1.1626,1.099237084388733,9.31486367634125e-06,5.3430079155672825,12150,,,,,,,,,,,
1.1727,1.0935478210449219,9.270888302550572e-06,5.364995602462621,12200,,,,,,,,,,,
1.1677,1.0615915060043335,9.226912928759896e-06,5.38698328935796,12250,,,,,,,,,,,
1.1558,1.0165047645568848,9.182937554969219e-06,5.408970976253298,12300,,,,,,,,,,,
1.163,1.075626254081726,9.138962181178541e-06,5.430958663148637,12350,,,,,,,,,,,
1.1656,0.9977115988731384,9.094986807387863e-06,5.452946350043975,12400,,,,,,,,,,,
1.1568,1.0300343036651611,9.051011433597186e-06,5.474934036939314,12450,,,,,,,,,,,
1.1673,1.064374566078186,9.007036059806508e-06,5.496921723834653,12500,,,,,,,,,,,
1.1573,1.0829187631607056,8.963060686015832e-06,5.518909410729991,12550,,,,,,,,,,,
1.1662,1.036747694015503,8.919085312225155e-06,5.540897097625329,12600,,,,,,,,,,,
1.1723,1.099663496017456,8.875109938434477e-06,5.562884784520668,12650,,,,,,,,,,,
1.1633,1.1172962188720703,8.831134564643801e-06,5.584872471416007,12700,,,,,,,,,,,
1.1478,1.5466129779815674,8.787159190853122e-06,5.6068601583113455,12750,,,,,,,,,,,
1.1662,1.1346890926361084,8.743183817062446e-06,5.628847845206685,12800,,,,,,,,,,,
1.1645,1.076616883277893,8.699208443271769e-06,5.650835532102023,12850,,,,,,,,,,,
1.1671,1.041953682899475,8.655233069481091e-06,5.672823218997362,12900,,,,,,,,,,,
1.1639,1.1155483722686768,8.611257695690414e-06,5.6948109058927,12950,,,,,,,,,,,
1.159,1.082723617553711,8.567282321899738e-06,5.716798592788039,13000,,,,,,,,,,,
1.1607,1.0215860605239868,8.523306948109058e-06,5.738786279683377,13050,,,,,,,,,,,
1.1618,1.370200514793396,8.479331574318383e-06,5.760773966578716,13100,,,,,,,,,,,
1.1587,1.1175850629806519,8.435356200527705e-06,5.782761653474054,13150,,,,,,,,,,,
1.1551,1.009185791015625,8.391380826737027e-06,5.804749340369393,13200,,,,,,,,,,,
1.162,1.0833290815353394,8.347405452946352e-06,5.826737027264731,13250,,,,,,,,,,,
1.1577,1.1239839792251587,8.303430079155674e-06,5.8487247141600704,13300,,,,,,,,,,,
1.1597,1.0728996992111206,8.259454705364996e-06,5.870712401055409,13350,,,,,,,,,,,
1.1548,1.085384488105774,8.215479331574319e-06,5.892700087950748,13400,,,,,,,,,,,
1.1503,1.0539644956588745,8.171503957783641e-06,5.914687774846087,13450,,,,,,,,,,,
1.1556,1.0705708265304565,8.127528583992964e-06,5.936675461741425,13500,,,,,,,,,,,
1.1541,1.094412922859192,8.083553210202288e-06,5.958663148636763,13550,,,,,,,,,,,
1.1574,1.0213497877120972,8.03957783641161e-06,5.980650835532102,13600,,,,,,,,,,,
,,,6.0,13644,1.1243895292282104,26.17940140364797,45.91136960294134,32.8378,60.905,0.244,,,,,
1.1593,1.0943971872329712,7.995602462620933e-06,6.002638522427441,13650,,,,,,,,,,,
1.1484,1.0519042015075684,7.951627088830257e-06,6.024626209322779,13700,,,,,,,,,,,
1.1414,1.0493227243423462,7.907651715039578e-06,6.046613896218118,13750,,,,,,,,,,,
1.1421,1.0053611993789673,7.863676341248902e-06,6.068601583113456,13800,,,,,,,,,,,
1.1516,1.0791741609573364,7.819700967458224e-06,6.090589270008795,13850,,,,,,,,,,,
1.1425,1.0861634016036987,7.775725593667547e-06,6.1125769569041335,13900,,,,,,,,,,,
1.1438,1.0594943761825562,7.73175021987687e-06,6.1345646437994725,13950,,,,,,,,,,,
1.1522,1.0370235443115234,7.687774846086191e-06,6.156552330694811,14000,,,,,,,,,,,
1.1407,1.029650330543518,7.643799472295516e-06,6.17854001759015,14050,,,,,,,,,,,
1.1587,1.03337824344635,7.599824098504838e-06,6.200527704485488,14100,,,,,,,,,,,
1.1334,1.049311876296997,7.555848724714161e-06,6.222515391380827,14150,,,,,,,,,,,
1.1435,1.1389864683151245,7.511873350923483e-06,6.244503078276165,14200,,,,,,,,,,,
1.1437,1.1010291576385498,7.467897977132806e-06,6.266490765171504,14250,,,,,,,,,,,
1.1443,1.0186328887939453,7.423922603342129e-06,6.288478452066842,14300,,,,,,,,,,,
1.1393,1.0443567037582397,7.379947229551452e-06,6.310466138962181,14350,,,,,,,,,,,
1.1356,1.068065881729126,7.335971855760775e-06,6.33245382585752,14400,,,,,,,,,,,
1.1421,1.0504261255264282,7.291996481970098e-06,6.354441512752858,14450,,,,,,,,,,,
1.1474,0.992687463760376,7.248021108179421e-06,6.3764291996481965,14500,,,,,,,,,,,
1.1501,1.0375467538833618,7.2040457343887425e-06,6.398416886543536,14550,,,,,,,,,,,
1.1529,1.078035593032837,7.160070360598066e-06,6.420404573438875,14600,,,,,,,,,,,
1.1453,1.0175169706344604,7.116094986807388e-06,6.442392260334213,14650,,,,,,,,,,,
1.1496,1.0985039472579956,7.0721196130167114e-06,6.464379947229552,14700,,,,,,,,,,,
1.1481,1.0874217748641968,7.028144239226034e-06,6.48636763412489,14750,,,,,,,,,,,
1.1513,1.0521773099899292,6.984168865435357e-06,6.508355321020229,14800,,,,,,,,,,,
1.1453,0.9960430264472961,6.9401934916446804e-06,6.530343007915567,14850,,,,,,,,,,,
1.1455,1.028624415397644,6.896218117854002e-06,6.552330694810906,14900,,,,,,,,,,,
1.1453,1.0355333089828491,6.852242744063325e-06,6.574318381706244,14950,,,,,,,,,,,
1.1586,1.074316382408142,6.808267370272648e-06,6.596306068601583,15000,,,,,,,,,,,
1.1503,1.0701769590377808,6.764291996481971e-06,6.6182937554969214,15050,,,,,,,,,,,
1.144,1.0216562747955322,6.7203166226912934e-06,6.6402814423922605,15100,,,,,,,,,,,
1.1434,1.1185895204544067,6.676341248900616e-06,6.662269129287599,15150,,,,,,,,,,,
1.1498,1.0988311767578125,6.632365875109938e-06,6.684256816182938,15200,,,,,,,,,,,
1.1387,1.0361608266830444,6.588390501319262e-06,6.706244503078276,15250,,,,,,,,,,,
1.1361,1.073776364326477,6.544415127528585e-06,6.728232189973615,15300,,,,,,,,,,,
1.1443,1.1994445323944092,6.500439753737907e-06,6.750219876868954,15350,,,,,,,,,,,
1.1475,1.072264552116394,6.456464379947231e-06,6.772207563764292,15400,,,,,,,,,,,
1.13,1.0714850425720215,6.412489006156552e-06,6.79419525065963,15450,,,,,,,,,,,
1.1286,1.0214974880218506,6.3685136323658755e-06,6.816182937554969,15500,,,,,,,,,,,
1.1411,1.0628565549850464,6.324538258575198e-06,6.838170624450308,15550,,,,,,,,,,,
1.139,1.045985460281372,6.280562884784521e-06,6.860158311345646,15600,,,,,,,,,,,
1.1326,1.0609208345413208,6.236587510993844e-06,6.882145998240985,15650,,,,,,,,,,,
1.1506,1.0697630643844604,6.192612137203167e-06,6.9041336851363235,15700,,,,,,,,,,,
1.1448,1.0213122367858887,6.14863676341249e-06,6.926121372031663,15750,,,,,,,,,,,
1.138,1.0329686403274536,6.104661389621812e-06,6.948109058927001,15800,,,,,,,,,,,
1.1329,1.0418680906295776,6.060686015831135e-06,6.97009674582234,15850,,,,,,,,,,,
1.1491,1.052287220954895,6.0167106420404575e-06,6.992084432717678,15900,,,,,,,,,,,
,,,7.0,15918,1.1132757663726807,26.351479281752237,46.08992112316014,32.5917,61.365,0.245,,,,,
1.1354,1.0709989070892334,5.972735268249781e-06,7.014072119613017,15950,,,,,,,,,,,
1.1428,1.0919454097747803,5.928759894459103e-06,7.036059806508355,16000,,,,,,,,,,,
1.1272,1.0953059196472168,5.8847845206684265e-06,7.058047493403694,16050,,,,,,,,,,,
1.1313,1.060373306274414,5.84080914687775e-06,7.080035180299032,16100,,,,,,,,,,,
1.1263,1.0498466491699219,5.796833773087071e-06,7.102022867194371,16150,,,,,,,,,,,
1.1255,1.051263689994812,5.752858399296395e-06,7.124010554089709,16200,,,,,,,,,,,
1.1276,1.0399678945541382,5.708883025505717e-06,7.145998240985048,16250,,,,,,,,,,,
1.129,1.0633609294891357,5.66490765171504e-06,7.167985927880387,16300,,,,,,,,,,,
1.1308,1.0464411973953247,5.620932277924363e-06,7.189973614775726,16350,,,,,,,,,,,
1.1303,1.0597965717315674,5.576956904133686e-06,7.211961301671064,16400,,,,,,,,,,,
1.1341,1.0637719631195068,5.532981530343008e-06,7.233948988566403,16450,,,,,,,,,,,
1.1322,0.9878755211830139,5.489006156552331e-06,7.255936675461742,16500,,,,,,,,,,,
1.1296,1.0384613275527954,5.445030782761654e-06,7.27792436235708,16550,,,,,,,,,,,
1.1373,1.0443994998931885,5.401055408970977e-06,7.299912049252419,16600,,,,,,,,,,,
1.1314,1.0326462984085083,5.3570800351803e-06,7.321899736147757,16650,,,,,,,,,,,
1.1327,1.0717380046844482,5.313104661389622e-06,7.343887423043096,16700,,,,,,,,,,,
1.1369,1.0430667400360107,5.269129287598946e-06,7.365875109938434,16750,,,,,,,,,,,
1.1248,1.0722081661224365,5.225153913808267e-06,7.387862796833773,16800,,,,,,,,,,,
1.1313,1.0357086658477783,5.1811785400175905e-06,7.4098504837291115,16850,,,,,,,,,,,
1.1341,1.0323188304901123,5.137203166226913e-06,7.4318381706244505,16900,,,,,,,,,,,
1.1286,0.9568923115730286,5.093227792436236e-06,7.453825857519789,16950,,,,,,,,,,,
1.1321,1.0648412704467773,5.0492524186455595e-06,7.475813544415128,17000,,,,,,,,,,,
1.1253,1.0411772727966309,5.005277044854882e-06,7.497801231310466,17050,,,,,,,,,,,
1.126,1.0099167823791504,4.961301671064204e-06,7.519788918205805,17100,,,,,,,,,,,
1.1262,1.0609923601150513,4.917326297273527e-06,7.541776605101143,17150,,,,,,,,,,,
1.1328,1.0262125730514526,4.87335092348285e-06,7.563764291996482,17200,,,,,,,,,,,
1.1415,1.045350432395935,4.829375549692173e-06,7.585751978891821,17250,,,,,,,,,,,
1.1261,1.1400580406188965,4.785400175901496e-06,7.607739665787159,17300,,,,,,,,,,,
1.1322,0.9649451375007629,4.741424802110818e-06,7.629727352682497,17350,,,,,,,,,,,
1.1347,1.046919345855713,4.6974494283201415e-06,7.651715039577836,17400,,,,,,,,,,,
1.1361,1.0357825756072998,4.653474054529464e-06,7.673702726473175,17450,,,,,,,,,,,
1.1261,1.0608190298080444,4.609498680738786e-06,7.695690413368514,17500,,,,,,,,,,,
1.1378,1.069926142692566,4.56552330694811e-06,7.717678100263853,17550,,,,,,,,,,,
1.1307,0.9864429235458374,4.521547933157432e-06,7.739665787159191,17600,,,,,,,,,,,
1.1228,1.0599563121795654,4.477572559366755e-06,7.76165347405453,17650,,,,,,,,,,,
1.1276,1.015368103981018,4.433597185576078e-06,7.783641160949868,17700,,,,,,,,,,,
1.1292,1.0429750680923462,4.3896218117854e-06,7.805628847845207,17750,,,,,,,,,,,
1.1267,1.084513783454895,4.3456464379947235e-06,7.827616534740545,17800,,,,,,,,,,,
1.1244,1.1125813722610474,4.301671064204046e-06,7.849604221635884,17850,,,,,,,,,,,
1.1349,1.0475009679794312,4.257695690413368e-06,7.871591908531222,17900,,,,,,,,,,,
1.1378,1.0183416604995728,4.213720316622692e-06,7.893579595426561,17950,,,,,,,,,,,
1.1309,1.0232890844345093,4.169744942832014e-06,7.915567282321899,18000,,,,,,,,,,,
1.1244,1.0459400415420532,4.125769569041337e-06,7.9375549692172385,18050,,,,,,,,,,,
1.1272,1.030009388923645,4.08179419525066e-06,7.959542656112577,18100,,,,,,,,,,,
1.1246,1.043514609336853,4.037818821459983e-06,7.981530343007916,18150,,,,,,,,,,,
,,,8.0,18192,1.1047422885894775,26.3109754719495,46.20186600676044,32.6477,61.26,0.245,,,,,
1.1243,1.066206693649292,3.9938434476693055e-06,8.003518029903255,18200,,,,,,,,,,,
1.1124,1.0207158327102661,3.949868073878628e-06,8.025505716798593,18250,,,,,,,,,,,
1.1231,1.0655851364135742,3.905892700087951e-06,8.047493403693931,18300,,,,,,,,,,,
1.1204,1.094822645187378,3.861917326297274e-06,8.06948109058927,18350,,,,,,,,,,,
1.1149,1.089202642440796,3.817941952506596e-06,8.091468777484609,18400,,,,,,,,,,,
1.1156,1.0281950235366821,3.7739665787159198e-06,8.113456464379947,18450,,,,,,,,,,,
1.1295,1.0742942094802856,3.729991204925242e-06,8.135444151275285,18500,,,,,,,,,,,
1.1201,1.0593987703323364,3.686015831134565e-06,8.157431838170625,18550,,,,,,,,,,,
1.1323,1.091280460357666,3.642040457343888e-06,8.179419525065963,18600,,,,,,,,,,,
1.1221,1.059391975402832,3.5980650835532103e-06,8.201407211961302,18650,,,,,,,,,,,
1.1233,1.0352076292037964,3.554089709762533e-06,8.22339489885664,18700,,,,,,,,,,,
1.1174,1.0649367570877075,3.510114335971856e-06,8.24538258575198,18750,,,,,,,,,,,
1.1157,1.0168036222457886,3.4661389621811785e-06,8.267370272647318,18800,,,,,,,,,,,
1.1256,1.0763163566589355,3.4221635883905013e-06,8.289357959542656,18850,,,,,,,,,,,
1.1225,0.9958801865577698,3.3781882145998246e-06,8.311345646437994,18900,,,,,,,,,,,
1.1173,1.0778634548187256,3.3342128408091475e-06,8.333333333333334,18950,,,,,,,,,,,
1.1217,1.051768183708191,3.29023746701847e-06,8.355321020228672,19000,,,,,,,,,,,
1.1183,1.0029749870300293,3.2462620932277928e-06,8.37730870712401,19050,,,,,,,,,,,
1.1135,1.048352599143982,3.2022867194371156e-06,8.399296394019348,19100,,,,,,,,,,,
1.1266,1.0514947175979614,3.158311345646438e-06,8.421284080914688,19150,,,,,,,,,,,
1.1273,1.041395902633667,3.114335971855761e-06,8.443271767810026,19200,,,,,,,,,,,
1.1335,1.0461965799331665,3.0703605980650838e-06,8.465259454705365,19250,,,,,,,,,,,
1.1173,1.0332748889923096,3.026385224274407e-06,8.487247141600704,19300,,,,,,,,,,,
1.1222,0.995589017868042,2.9824098504837295e-06,8.509234828496043,19350,,,,,,,,,,,
1.1226,1.0035897493362427,2.9384344766930523e-06,8.53122251539138,19400,,,,,,,,,,,
1.1306,1.0416381359100342,2.8944591029023748e-06,8.553210202286719,19450,,,,,,,,,,,
1.131,1.0214905738830566,2.8504837291116976e-06,8.575197889182059,19500,,,,,,,,,,,
1.1269,1.0852946043014526,2.8065083553210205e-06,8.597185576077397,19550,,,,,,,,,,,
1.1221,0.9994632601737976,2.762532981530343e-06,8.619173262972735,19600,,,,,,,,,,,
1.1154,1.0579044818878174,2.7185576077396658e-06,8.641160949868073,19650,,,,,,,,,,,
1.114,1.0760023593902588,2.6745822339489886e-06,8.663148636763413,19700,,,,,,,,,,,
1.1187,1.060350775718689,2.630606860158312e-06,8.685136323658751,19750,,,,,,,,,,,
1.117,1.0525093078613281,2.5866314863676343e-06,8.70712401055409,19800,,,,,,,,,,,
1.1207,1.0292069911956787,2.542656112576957e-06,8.729111697449428,19850,,,,,,,,,,,
1.1231,1.014154076576233,2.49868073878628e-06,8.751099384344768,19900,,,,,,,,,,,
1.1156,1.0580507516860962,2.4547053649956025e-06,8.773087071240106,19950,,,,,,,,,,,
1.1198,1.0461411476135254,2.4107299912049253e-06,8.795074758135444,20000,,,,,,,,,,,
1.1229,1.0166476964950562,2.366754617414248e-06,8.817062445030782,20050,,,,,,,,,,,
1.1049,1.022520661354065,2.322779243623571e-06,8.839050131926122,20100,,,,,,,,,,,
1.1197,1.0322970151901245,2.278803869832894e-06,8.86103781882146,20150,,,,,,,,,,,
1.1288,1.0944757461547852,2.2348284960422163e-06,8.883025505716798,20200,,,,,,,,,,,
1.1206,1.0844568014144897,2.1908531222515396e-06,8.905013192612138,20250,,,,,,,,,,,
1.1219,0.9917073249816895,2.146877748460862e-06,8.927000879507476,20300,,,,,,,,,,,
1.1218,1.0232393741607666,2.102902374670185e-06,8.948988566402814,20350,,,,,,,,,,,
1.1157,1.049454927444458,2.0589270008795078e-06,8.970976253298153,20400,,,,,,,,,,,
1.127,1.0569552183151245,2.01495162708883e-06,8.992963940193492,20450,,,,,,,,,,,
,,,9.0,20466,1.1007193326950073,26.555553841854614,46.2371923407488,32.6949,61.172,0.245,,,,,
1.1146,1.0138020515441895,1.9709762532981535e-06,9.01495162708883,20500,,,,,,,,,,,
1.1237,1.0178037881851196,1.927000879507476e-06,9.036939313984169,20550,,,,,,,,,,,
1.1141,1.0332003831863403,1.8830255057167988e-06,9.058927000879507,20600,,,,,,,,,,,
1.1173,1.0664259195327759,1.8390501319261214e-06,9.080914687774847,20650,,,,,,,,,,,
1.1149,0.9849651455879211,1.7950747581354445e-06,9.102902374670185,20700,,,,,,,,,,,
1.1136,1.0444835424423218,1.7510993843447671e-06,9.124890061565523,20750,,,,,,,,,,,
1.1147,1.0613206624984741,1.7071240105540898e-06,9.146877748460861,20800,,,,,,,,,,,
1.1158,1.0063928365707397,1.6631486367634126e-06,9.168865435356201,20850,,,,,,,,,,,
1.1122,1.038483738899231,1.6191732629727355e-06,9.19085312225154,20900,,,,,,,,,,,
1.1242,1.0224355459213257,1.5751978891820583e-06,9.212840809146877,20950,,,,,,,,,,,
1.1061,1.00804603099823,1.531222515391381e-06,9.234828496042216,21000,,,,,,,,,,,
1.1149,0.991413414478302,1.4872471416007036e-06,9.256816182937555,21050,,,,,,,,,,,
1.1231,1.0689984560012817,1.4432717678100263e-06,9.278803869832894,21100,,,,,,,,,,,
1.1085,1.0248873233795166,1.3992963940193493e-06,9.300791556728232,21150,,,,,,,,,,,
1.1082,0.9990898370742798,1.355321020228672e-06,9.322779243623572,21200,,,,,,,,,,,
1.1245,1.0289138555526733,1.3113456464379948e-06,9.34476693051891,21250,,,,,,,,,,,
1.1157,0.9499781131744385,1.2673702726473175e-06,9.366754617414248,21300,,,,,,,,,,,
1.1116,0.9717378616333008,1.2233948988566403e-06,9.388742304309586,21350,,,,,,,,,,,
1.1197,1.028855800628662,1.1794195250659632e-06,9.410729991204926,21400,,,,,,,,,,,
1.1167,1.0130618810653687,1.1354441512752858e-06,9.432717678100264,21450,,,,,,,,,,,
1.1177,1.0034538507461548,1.0914687774846087e-06,9.454705364995602,21500,,,,,,,,,,,
1.1176,1.0248138904571533,1.0474934036939316e-06,9.47669305189094,21550,,,,,,,,,,,
1.1118,1.0401785373687744,1.0035180299032544e-06,9.49868073878628,21600,,,,,,,,,,,
1.1167,1.0423051118850708,9.59542656112577e-07,9.520668425681619,21650,,,,,,,,,,,
1.1151,1.061710238456726,9.155672823218999e-07,9.542656112576957,21700,,,,,,,,,,,
1.116,1.0220931768417358,8.715919085312226e-07,9.564643799472295,21750,,,,,,,,,,,
1.1134,1.051080584526062,8.276165347405454e-07,9.586631486367635,21800,,,,,,,,,,,
1.1159,1.0417251586914062,7.836411609498682e-07,9.608619173262973,21850,,,,,,,,,,,
1.117,1.0097935199737549,7.396657871591908e-07,9.630606860158311,21900,,,,,,,,,,,
1.104,1.016167163848877,6.956904133685137e-07,9.65259454705365,21950,,,,,,,,,,,
1.112,1.016303539276123,6.517150395778364e-07,9.674582233948989,22000,,,,,,,,,,,
1.1241,1.2075847387313843,6.077396657871593e-07,9.696569920844327,22050,,,,,,,,,,,
1.1177,1.1220121383666992,5.63764291996482e-07,9.718557607739665,22100,,,,,,,,,,,
1.1296,1.14212167263031,5.197889182058048e-07,9.740545294635005,22150,,,,,,,,,,,
1.1069,0.9896263480186462,4.758135444151276e-07,9.762532981530343,22200,,,,,,,,,,,
1.1181,1.0705652236938477,4.3183817062445033e-07,9.784520668425682,22250,,,,,,,,,,,
1.1047,0.987643301486969,3.878627968337731e-07,9.80650835532102,22300,,,,,,,,,,,
1.1182,1.217484951019287,3.438874230430959e-07,9.82849604221636,22350,,,,,,,,,,,
1.1213,1.049412727355957,2.999120492524187e-07,9.850483729111698,22400,,,,,,,,,,,
1.1207,1.0201077461242676,2.5593667546174144e-07,9.872471416007036,22450,,,,,,,,,,,
1.1128,1.0642104148864746,2.1196130167106422e-07,9.894459102902374,22500,,,,,,,,,,,
1.1143,1.0024433135986328,1.67985927880387e-07,9.916446789797714,22550,,,,,,,,,,,
1.122,0.989983320236206,1.2401055408970977e-07,9.938434476693052,22600,,,,,,,,,,,
1.107,1.0028880834579468,8.003518029903255e-08,9.96042216358839,22650,,,,,,,,,,,
1.1105,1.0694022178649902,3.6059806508355324e-08,9.982409850483728,22700,,,,,,,,,,,
,,,10.0,22740,1.099595546722412,26.53999378852944,46.2261720958706,32.4772,61.582,0.246,,,,,
,,,10.0,22740,,,,,,,5584.6921,1042.07,4.072,1.919954702995292e+17,1.2261946096898384
